,County_1,FIPS,Population,Hum_24,Pre_24,Tmax_24,Tmin_24,WS_24,LSTNight_2024,LSTDay_2024,Chlorophyll_2024,Ag_MEAN_2024,Fs_MEAN_2024,Rn_MEAN_2024,Cases_normalized_2024
0,Adams,17001,65435,86.95723323,2.887002528,28.87465134,17.1005505,3.662824982,20.41,24.85,1.626380563,0.8,0.81,0.7783,0.0
1,Alexander,17003,5761,94.3563592,3.490334276,30.10947111,18.60180046,3.123587344,20.93,25.76,1.590579169,0.76,0.84,0.6248,0.0
2,Bond,17005,16426,90.27960134,3.576298338,29.50177035,17.69350626,3.822610057,21.05,25.09,1.548130072,0.82,0.83,0.8093,0.0
3,Boone,17007,53544,92.34844404,3.880356277,27.16137911,14.74633371,3.891934415,17.27,24.21,1.502652367,0.81,0.8,0.7795,0.0
4,Brown,17009,6578,89.50362611,3.176026616,28.79081194,16.78893541,3.769308891,20.04,24.71,1.826332751,0.81,0.83,0.7871,0.0
5,Bureau,17011,32628,88.71389938,2.983536424,27.95362629,15.72181367,3.602464317,18.73,23.74,1.921945466,0.82,0.82,0.8047,0.0
6,Calhoun,17013,4739,90.21982749,3.188559395,29.71729357,17.62986114,3.618217292,20.8,24.77,5.632366755,0.81,0.83,0.8002,0.0
7,Carroll,17015,14305,90.76206644,3.81321039,27.80334023,15.21833386,3.635180285,18.6,23.42,1.574272558,0.82,0.82,0.7588,0.0
8,Cass,17017,12147,90.29080189,3.228968596,29.01695929,16.70637251,3.831760808,20.21,24.85,1.980117013,0.8,0.82,0.7947,0.0
9,Champaign,17019,209689,90.03446699,3.420329168,28.13007929,16.4561881,3.562194615,0.0,0.0,1.702271898,0.83,0.82,0.7524,0.4708674319831994
10,Christian,17021,32304,90.5345428,3.120825598,28.71772512,16.85511655,3.822745311,19.5,24.74,1.669216618,0.82,0.82,0.8182,0.0
11,Clark,17023,15441,91.17874984,2.435616648,28.74805458,16.41554081,3.616940001,18.97,24.15,1.446925195,0.81,0.82,0.7771,0.0
12,Clay,17025,13184,91.29604208,3.821621899,29.71589572,17.48168731,3.604656638,0.0,0.0,1.601057277,0.79,0.82,0.8036,0.0
13,Clinton,17027,37562,90.75773042,4.512457917,29.66605946,18.16905299,3.689934957,23.02,24.89,6.632614679,0.79,0.81,0.807,0.0
14,Coles,17029,50621,90.22106206,3.342517655,28.4856508,16.65409965,3.72759472,18.47,23.82,1.620036724,0.82,0.82,0.7305,2.1541046464037223
15,Cook,17031,5150233,84.18690305,3.351249247,27.77939431,16.87303173,3.769223045,18.98,26.56,1.170805854,0.67,0.74,0.624,0.6367439461569319
16,Crawford,17033,18667,91.78878003,2.690101815,29.13464854,17.01169543,3.309629903,18.93,24.29,1.428161922,0.82,0.83,0.7388,0.0
17,Cumberland,17035,10766,90.99777586,3.600714796,28.86459086,16.7145393,3.785970892,18.4,23.8,1.521075876,0.81,0.82,0.7841,0.0
18,DeKalb,17037,104897,89.75472037,3.436050287,27.32613102,15.10083857,3.971157931,17.66,24.6,1.474069205,0.81,0.8,0.6936,0.0
19,De Witt,17039,15638,90.11048916,2.873899877,28.0831216,16.44631956,3.724849418,19.71,24.41,2.045491238,0.83,0.81,0,0.0
20,Douglas,17041,19465,90.05876718,3.33165399,28.43163464,16.56300225,3.643362411,0.0,0.0,1.539244054,0.82,0.81,0.7553,0.0
21,DuPage,17043,922921,87.76658086,3.154797024,28.107528,16.03139469,3.941391812,18.12,26.04,0.778845676,0.74,0.72,0.7962,0.9603667320427428
22,Edgar,17045,17161,92.11423465,2.909384716,28.7983794,16.07091873,3.651389469,0.0,0.0,1.480000649,0.82,0.82,0.7645,0.0
23,Edwards,17047,6395,90.54826959,3.355653103,30.18638802,18.06880716,3.334702721,0.0,0.0,1.456184725,0.8,0.81,0.8064,0.0
24,Effingham,17049,34008,91.41711895,3.315340474,29.35829846,16.96125888,3.820222935,20.07,24.97,1.417106206,0.8,0.81,0.7977,0.0
25,Fayette,17051,21336,91.03258297,3.505951766,28.92975971,17.26791734,3.810479483,22.38,24.62,1.650571095,0.81,0.82,0.7818,0.0
26,Ford,17053,12961,90.86135166,2.676736908,28.00029511,15.95027754,3.651499209,0.0,0.0,1.903581122,0.83,0.81,0.7831,0.0
27,Franklin,17055,38469,92.08360244,3.607624183,30.066379,18.27649572,2.979144967,22.59,25.26,1.991247108,0.8,0.8,0.7739,0.0
28,Fulton,17057,34340,91.0001228,3.616946375,28.45767409,16.05757318,3.835899534,20.35,24.76,2.026999039,0.82,0.82,0.7889,0.0
29,Gallatin,17059,4828,93.19556123,4.201973675,30.35837237,18.1517231,3.122933172,19.35,24.56,1.389580035,0.77,0.83,0.7601,0.0
30,Greene,17061,12969,91.0962032,2.971710604,29.3414765,17.13485767,3.708982234,19.68,24.68,1.688647722,0.81,0.83,0.7639,0.0
31,Grundy,17063,51054,88.78425669,2.875318658,28.46419699,15.90150968,3.533788908,19.39,24.4,1.673034222,0.8,0.78,0.7867,0.0
32,Hamilton,17065,8116,92.14728795,3.696467939,30.20578758,18.01673189,3.166398784,2.1,2.1,1.447362029,0.8,0.82,0.7934,0.0
33,Hancock,17067,17708,88.44625846,2.934062245,28.47323695,16.75089105,3.747231254,20.45,24.05,1.691764256,0.81,0.81,0.8063,0.0
34,Hardin,17069,3821,93.25580443,4.228044915,30.09882195,18.20360476,3.34411998,20.54,24.42,2.04013151,0.79,0.84,0.7867,0.0
35,Henderson,17071,6646,90.45215349,3.147839661,28.18291031,16.15834348,3.724698696,20.73,24.1,1.775694589,0.82,0.81,0.819,0.0
36,Henry,17073,48913,90.17424351,3.128694715,28.12427011,15.8980646,3.682797302,17.78,24.16,1.771833821,0.83,0.81,0.7913,0.0
37,Iroquois,17075,27114,90.10379118,2.761632855,28.12452311,15.89034889,3.675546423,17.41,24.39,1.817149939,0.83,0.83,0.7772,0.0
38,Jackson,17077,56750,92.02476391,4.11750852,30.00169679,18.30079921,3.086483128,21.05,24.96,1.586601289,0.79,0.83,0.7884,0.0
39,Jasper,17079,9610,90.58800827,3.071092858,29.16024053,17.20036817,3.701391749,20.14,24.67,1.51272536,0.81,0.81,0.7998,0.0
40,Jefferson,17081,37684,92.43374675,4.052416479,29.97851424,17.77889406,3.250401325,22.7,25.26,2.290535858,0.8,0.81,0.7819,0.0
41,Jersey,17083,21773,90.94732443,3.05905289,29.84711955,17.56945142,3.619817706,21.06,24.91,1.6551837,0.82,0.84,0.7961,0.0
42,Jo Daviess,17085,21235,93.2081771,3.669028346,26.89201283,14.78825307,3.638265656,18.57,23.19,1.613571995,0.81,0.81,0.7268,0.0
43,Johnson,17087,12417,93.76984835,3.805204416,30.05163872,18.39742017,3.022867877,20.54,24.78,1.682617582,0.82,0.83,0.7372,0.0
44,Kane,17089,532403,89.36410421,3.361539062,27.63546568,15.3708985,3.962219188,18.55,25.97,1.210109779,0.8,0.77,0.7277,0.7677587394937014
45,Kankakee,17091,109862,91.29045159,2.961066361,28.0007147,15.54827943,3.578864102,19.08,25.1,1.635312416,0.81,0.8,0.7931,0.0
46,Kendall,17093,128990,88.49417795,3.238236852,28.37676163,15.80303454,3.602110794,17.9,24.85,1.533913183,0.8,0.79,0.7325,0.0
47,Knox,17095,49699,90.50733088,3.477082796,28.12138914,15.92011141,3.78508008,18.45,24.11,1.976881999,0.83,0.83,0.7241,0.0
48,Lake,17097,696535,90.51673825,3.783499186,26.66410758,15.65453283,4.095288117,18.4,23.9,1.26430872,0.73,0.74,0.7583,0.8349522129016816
49,LaSalle,17099,108669,89.08349982,2.997416059,27.99490773,15.44246361,3.63764228,20.82,25.63,1.691723472,0.81,0.78,0.7681,0.0
50,Lawrence,17101,15678,91.1804184,3.23914802,29.61799962,17.45628227,3.313248419,18.88,24.43,1.406571665,0.8,0.81,0.781,0.0
51,Lee,17103,34096,89.89740948,3.244947109,27.82257415,15.25724425,3.834380302,17.7,23.92,1.6797131,0.81,0.8,0.8173,0.0
52,Livingston,17105,35648,90.63918596,2.426404678,28.22673595,15.71339069,3.55072862,17.89,24.71,1.801370944,0.82,0.8,0.8125,0.0
53,Logan,17107,28618,90.497503,3.189101186,28.58604986,16.50636225,3.743169038,18.9,24.71,1.88927706,0.83,0.82,0.7597,0.0
54,McDonough,17109,29682,91.57072662,2.964055672,28.21053696,16.23408559,3.843160211,17.94,24.25,1.732705003,0.83,0.82,0.7608,0.0
55,McHenry,17111,307774,93.09499863,3.780444361,27.29440944,14.76581959,3.939986663,17.79,24.45,1.345666521,0.8,0.78,0.7508,0.3164967606556547
56,McLean,17113,171517,91.22097268,2.821321978,28.17816256,15.91097502,3.854007244,18.16,24.37,1.901706498,0.83,0.81,0.78,0.0
57,Macon,17115,104009,89.31922769,3.325277828,28.4323166,16.91203008,3.729234752,20.04,25.55,1.703863372,0.82,0.8,0.7333,0.9926839195131878
58,Macoupin,17117,44926,91.19759307,2.73411769,29.13562945,16.97918559,3.806197245,19.45,24.67,1.40664445,0.82,0.83,0.7534,0.0
59,Madison,17119,262966,90.20517788,3.5760055,29.99213949,18.13906979,3.644118494,21.29,27.11,1.43727025,0.8,0.8,0.8032,0.0
60,Marion,17121,37205,91.03360604,4.491959575,29.68785539,17.75472029,3.586577869,19.97,25.64,1.675418461,0.81,0.82,0.7884,0.0
61,Marshall,17123,11438,89.36478332,2.776915823,28.3568298,15.78150615,3.652205031,19.56,24.3,1.841429622,0.83,0.82,0.7995,0.0
62,Mason,17125,13359,90.54637257,3.733322488,28.74565124,16.39916056,3.811580964,20.7,24.82,2.892374045,0.79,0.78,0.7824,0.0
63,Massac,17127,13772,95.78595987,4.179163672,30.19497878,18.34689107,3.052690612,21.54,25.56,1.40328578,0.8,0.81,0.8102,0.0
64,Menard,17129,12196,89.78240225,3.601869307,28.77188143,16.71689519,3.832187777,18.05,24.98,2.058311022,0.82,0.82,0.8028,0.0
65,Mercer,17131,15437,91.42658554,3.051938996,28.25926506,15.903618,3.64388171,19.71,24.17,1.828113764,0.84,0.83,0.7783,0.0
66,Monroe,17133,34637,89.17836425,4.951098952,30.2474667,18.69131522,3.285526851,20.67,25.44,1.497265145,0.78,0.81,0.7311,0.0
67,Montgomery,17135,28414,90.96263852,3.252524419,29.18386557,16.82637744,3.832261357,19.62,24.48,1.430013074,0.81,0.83,0.7616,0.0
68,Morgan,17137,33658,91.02773045,2.989594672,29.03291177,16.68548997,3.826570141,20.3,25.99,1.748607997,0.81,0.81,0,0.0
69,Moultrie,17139,14501,90.77769467,3.311477076,28.274988,16.57308626,3.710470442,20.64,24.07,1.752204206,0.82,0.79,0.7838,0.0
70,Ogle,17141,50643,90.60787082,3.555556277,27.63149868,15.10175261,3.952491968,17.07,23.56,1.583260344,0.81,0.8,0.7718,0.0
71,Peoria,17143,179179,87.79715974,3.136844512,28.37901523,16.41789618,3.771957417,20.18,25.34,1.817181761,0.82,0.81,0.7898,0.0
72,Perry,17145,20916,91.61301436,4.061234187,30.03622557,18.18365935,3.102621121,19.01,26.63,1.471254264,0.78,0.78,0.7669,0.0
73,Piatt,17147,16344,89.15676593,3.30245947,28.29424975,16.83074731,3.614678881,0.0,0.0,1.946297853,0.83,0.82,0.8005,0.0
74,Pike,17149,15561,89.85093095,3.000360771,28.98252666,17.14683986,3.672168185,20.29,24.42,1.791334959,0.8,0.82,0.7576,0.0
75,Pope,17151,4177,93.65434479,4.76544905,30.04928704,18.39784273,3.071795879,19.93,24.66,1.906009316,0.8,0.85,0.7721,0.0
76,Pulaski,17153,5335,94.51204439,3.658455512,30.10469892,18.80429083,3.099912422,20.65,25.22,1.527164549,0.79,0.82,0.7796,0.0
77,Putnam,17155,5739,88.2015908,2.814473816,28.08502681,15.74029393,3.593049561,19.85,24.36,1.716197909,0.8,0.8,0.7218,0.0
78,Randolph,17157,31782,89.85390778,3.816850471,30.03669771,18.25556723,3.175721605,21.4,26.17,1.498958407,0.79,0.8,0.7699,0.0
79,Richland,17159,15513,90.5636404,3.600533964,29.5773398,17.52703697,3.514938512,20.28,25.2,1.560254183,0.8,0.81,0.7697,0.0
80,Rock Island,17161,141879,90.31892098,3.387234114,28.28834699,15.98575023,3.550954905,19.8,24.64,1.333631417,0.81,0.79,0.7507,0.0
81,St. Clair,17163,259686,89.74559635,4.844529093,30.18406902,18.57996778,3.207640167,21.61,27.17,1.374590055,0.8,0.79,0.7641,1.194510031893418
82,Saline,17165,23491,92.56128217,4.131217729,30.43843588,18.1927305,3.063391134,19.36,25.95,1.482560566,0.78,0.82,0.7727,0.0
83,Sangamon,17167,194672,88.95233613,3.208388043,28.91509836,17.0973231,3.818352728,20.49,25.25,1.637843882,0.81,0.81,0.784,0.5145488692788598
84,Schuyler,17169,6768,89.57393104,2.999234026,28.73461542,16.77676569,3.822220565,19.57,24.87,1.910578175,0.81,0.83,0.777,0.0
85,Scott,17171,4951,90.58981975,3.167550273,29.09392203,16.95815829,3.813234077,19.43,24.6,1.671077518,0.8,0.81,0.7848,0.0
86,Shelby,17173,21634,91.954647,3.475859318,28.4667477,16.55292887,3.795600395,20.56,24.0,1.564202203,0.82,0.83,0.783,0.0
87,Stark,17175,5342,89.10058724,3.718111973,27.99620863,15.87179991,3.704943056,0.0,0.0,2.032760586,0.83,0.82,0.7793,0.0
88,Stephenson,17177,44498,92.91757734,3.600631862,27.07051039,14.74512698,3.865015233,10.53,14.75,1.649848277,0.81,0.79,0.8051,0.0
89,Tazewell,17179,131803,89.96032246,3.405764748,28.89560309,16.17655685,3.801000234,21.27,26.18,1.801836377,0.82,0.79,0.7407,1.540582802474176
90,Union,17181,16653,93.71664647,3.910110278,29.73875713,18.30222416,3.027004827,20.59,25.58,1.781086131,0.78,0.83,0.8005,0.0
91,Vermilion,17183,75758,91.27006354,3.467179069,28.49083327,15.87656799,3.597271713,19.26,24.57,1.61124192,0.83,0.82,0.7527,1.4063510814839817
92,Wabash,17185,11520,90.92806893,3.495487265,30.11535928,17.89498446,3.208527244,18.92,24.59,1.375636985,0.78,0.8,0.7736,0.0
93,Warren,17187,16844,90.56734346,3.389811881,28.06049647,15.98835042,3.79599129,0.0,0.0,1.953576275,0.84,0.83,0.7619,0.0
94,Washington,17189,13887,91.6225154,4.930877004,29.83930473,18.14790584,3.416524131,0.0,0.0,1.673771951,0.79,0.82,0.7836,0.0
95,Wayne,17191,16215,91.66089501,3.834207371,29.85481099,17.81767594,3.548867705,0.0,0.0,1.554992345,0.8,0.81,0.7412,0.0
96,White,17193,13537,92.31710545,4.006030912,30.38826251,18.1782739,3.238352643,19.46,25.23,1.385642414,0.79,0.81,0.7555,0.0
97,Whiteside,17195,55175,89.60207623,3.247247621,27.90480563,15.77227883,3.454725507,18.27,24.61,1.716051314,0.81,0.8,0.7413,0.0
98,Will,17197,690743,90.32714615,3.290598665,28.39317943,15.66438962,3.600910625,20.5,26.17,1.185811375,0.78,0.75,0.7786,0.2822534551351077
99,Williamson,17199,66597,92.38655297,3.691178983,30.17887702,18.31754838,2.992142172,21.94,25.47,1.384584897,0.79,0.81,0.7805,0.0
100,Winnebago,17201,282572,91.90621908,3.870280545,27.43685961,14.90689569,3.896779581,17.49,24.74,1.356499799,0.79,0.79,#DIV/0!,1.4094929349166638
101,Woodford,17203,38459,90.23327007,2.723549583,28.61214303,15.58370573,3.758493978,21.22,24.93,1.775689925,0.83,0.82,#DIV/0!,0.0
